[
    {
        "productId": 1,
        "productName": "Leaf Rake",
        "imageUrl": "http://openclipart.org/image/300px/svg_to_png/26215/Anonymous_Leaf_Rake.png"
    },
    {
        "productId": 3,
        "productName": "Hammer",
        "imageUrl": "http://openclipart.org/image/300px/svg_to_png/73/rejon_Hammer.png"
    },
    {
        "productId": 4,
        "productName": "Saw",
        "imageUrl": "http://openclipart.org/image/300px/svg_to_png/27070/egore911_saw.png"
    },
    {
        "productId": 5,
        "productName": "Video Game Controller",
        "imageUrl": "http://openclipart.org/image/300px/svg_to_png/120337/xbox-controller_01.png"
    },
	{
        "productId": 2,
        "productName": "Garden Cart",
        "imageUrl": "http://openclipart.org/image/300px/svg_to_png/58471/garden_cart.png"
    }
]